0,неплохой компактный... Переваги: неплохой компактный; практически все показывает (в крупных городах); показывает где что рядом находится. например магазин Недоліки: не может сам зганять за пивом
3,Не могу категорично рекомендовать товар Переваги: компактный Недоліки: неудобное меню
0,Отлично подходит тем, кому важна стабильная навигация. И есть вопрос: какой максимальный объем флэшки поддерживает? Переваги: Пользуюсь с июня 2016- го., ни разу не вырубился, уверенно держит спутники, один раз ехал ночью в штормовое, гроза, град сильнейший, мир потух. Но навик работал чётко, спутники удержал и не подвис. Громкий встроенный динамик (в грузовике слышно даже прикрутил). Работает шустро. Корпус добротный, крепление к стеклу надёжное, ничего не развалилось. Пока. Недоліки: ПО плохое и это мягко сказано. В населённых пунктах ведёт собачьими тропами (буквально). Там только пешком можно или велосипед. В общем ПО в топку, поставил ДРУГОЕ и забыл. В первый же месяц сгорело автозарядное, купил другое, из дорогих. Слабая чувствительность экрана (не критично). Экран бы по больше, но сам выбирал.
5,Как включить озвучку на картах Libelle&
5,Отличный навигатор,даже в лесу находит спутники. Переваги: цена-качество
0,скажіть за пробки чи дана модель показуе?
4,Показывает ли он пробки и предлагает ли пути объезда?
0,Такой вопрос: оперативной памяти 128 мб или 64 мб?
5,Карты Libelle - пусть меня простят разработчики, но карты просто кошмар. Ждал подтверждения 4!!!!!! (четыре) дня. Получил, установил, обновил карты и ..... - ничего. Европа как не работала так и не работает - просто не видит карт, Украина начала постоянно глючить. Скачал другое ПО для навигатора и (кто бы мог подумать) все работает четко. Сам навигатор рекомендую. ПО Libelle НЕТ!!!! Переваги: Легкий, удобный, крепление хорошее. Цена-качество супер Недоліки: ПО Libelle
0,Подскажите пожалуйста, кто пользуется даным навигатором, как видно когда солнце яркое, хорошо ли экран видно, не отсвечивает?
5,Перешёл к покупкам в ROZETKE Переваги: Изделие соответствует заявленным характеристикам и моим требованиям к нему. Недоліки: Джойстик не защищён от случайных нажатий.
0,Проблем не замечал, все работает очень быстро. Замечательные карты в комплекте, выполняет много сложных задач. Отдельное спасибо техподдержке)!
0,Подарил брат недавно. Всё устраивает. Карты хороши. В управлении рабрался быстро. Разные фишки ещё есть. Крепится надёжно. Рад такому подарку.
0,Простая в управлении моделька, все отчетливо видно и понятно, да и карты на ней подробные, без проблем по городу и по области водят уже 2 недели.Крайне удобный гаджет!
0,Без стилуса можно использовать?
0,Подскажите пожалуйста, можно ли поменять язык управления на русский? Или он стационарно на английском?
0,Здравствуйте. Какой срок лицензии на карты Украины и как их обновлять?
0,Карта Польщі є?
0,Хороший навигатор. Карты не подводят пока, все нормально работает.
0,Навигатор приятный на ощупь, навител открывается быстро, экран отзывчивый. Переваги: Цена, Оперативная память 248мб, лицензионный навител Недоліки: Не обнаружил
5,За свои деньги отличный навигатор. Переваги: Все работает как и должно! Недоліки: Не нашел
0,Навигатор не работает от автомобильного прикуривателя, а к ПК через USB - шнур подключается без проблем, куплен навигатор 29.07.2017. Что с ним делать? Переваги: пока не знаю Недоліки: не работает от прикуривателя
4,нормальный, стоил когда-то своих денег.
4,Нормальный навигатор Переваги: Удобный, большой экран Недоліки: Иногда не хватает оперативки, стоит Навител 9,3 иногда выкидывает из приложения
5,К аппарату претензий нет, работал всегда, в любую погоду - в общем как положено. Если бы сюда еще проц втулить пошустрее, то вообще просто идеал был, а так просто норм. Переваги: Самый оптимальный размер Недоліки: Процессор бы пошустрее
5,Устройство отлично отработало месяц, надеюсь дальше буду с ним сотрудничать в таком же духе. Маршруты правильные, карты подробные, сам прибор не тупит. Пять звезд этому навику!
5,Пользуюсь всего пару недель, выбрал его из-за оптимальной диагонали дисплея. 6 дюймов для моей машины самое то. Дороги показывает правильные как по городу, так и по области (дальше пока не ездил). Голосовые подсказки приятным голосом, а главное вовремя. Короче без проблем всё работает. Переваги: Прочный, с установленными картами, на картах есть номера домов, поиск хорошо продуман Недоліки: От аккумулятора работает минут 40, но то такое, всёравно постоянно в прикуриватель включен
5,Раджу всім Переваги: Прекрасний навігатор. Великий екран, хороші карти, шустрий. І ціна кльова Недоліки: Не має
5,За свои деньги,-не плохой!
0,Подарила девушка на ДР. 1.Программа навигатора - плохая. Вводит по всяким дебрям и постоянно опаздывает с подсказками; 2.Карты - нормальные есть даже полевые дороги; 3. Сенсорный экран - не доволен. Не всегда отвечает на касания; 4. Спящий режим. После ввода в спящий режим зависает, приходится перезагружать. Для езды между населенными пунктами - подходит. Для города - лучше взять что-то другое. Переваги: Хороший корпус Недоліки: 1.Сенсорный экран; 2.Навигация; 3.Точность определения координат. Часто показывает что проезжаю сквозь дом.
0,За свою цену хороший навик, работает стабильно. Единственным недостатком могу назвать не съёмную батерею, а так всё очень даже на уровне.
0,Отличные карты, всё подробно расписано, маршруты прокладываются просто, можно важные точки сохранять в памяти, потом к ним прокладывать маршруты быстро. А вообще дисплей яркий и помимо навигации в аппарате есть много прятных фишек. Я доволен!
5,Рекомендую усім в кого достатньо на нього коштів:) Переваги: Використовую четвертий рік, апарат компактний, швидкісний, оптимальний, можливість отримання інформації стосовно "пробок" та "тянучек" у Європі, в Україні така послуга вісутня як і карти України від GARMIN. Зручне кріплення. Пройшов вже багато Жалкую лише по тому, що купував "сірий" варіант з можливістю оновлення через сайт GARMIN карт США та Канади. Недоліки: Не виявлено!
0,скажіть будь ласка, навігатор підтримує українську мову? особливо цікавить, чи є українська клавіатура. дякую.
0,Брала на подарок брату Переваги: хорощо находит пункт назначения Недоліки: незаметила
0,Соотношение цена качество на уровне Переваги: Хороший экран Недоліки: Пришлось пере прошить, притормаживание при изменение курса..
0,Хорошая машинка за такие деньги. Нареканий нет. Карты установил легко через нет - Россия +Украина. Машинка в принципе для продвинутых пользователей, кто хочет расширить настройки.
0,Удобный в использовании. Компактный и стильный. В пути не всегда получается на экран смотреть, зато голосовые подсказки тут четкие, и включаются вовремя, так что поворот не проедешь!))
0,Какая установлена версия Навител?
0,Здравствуйте, долго мучился с выбором навигатора, смотрел кучу обзоров и все таки решил купить именно эту модель. Очень понравился дизайн, большой качественный экран (с поддержкой хорошего разрешения 800х480 на котором все отлично читается), очень крепка сборка, отлично ловит спутники, не глючит, благодаря процессору MTK очень шустро работает, при смене пути новый путь прокладывает быстро. Вообщем пользуюсь уже 1 месяц и никаких нареканий на счет этой модели нету. Советую брать
0,Подскажите,к ПО Навител с навигатором идёт лицензионный ключ.Можно ли в него устанавливать карты с официального сайта Навител?
0,Каковы его размеры?
5,Работает уже 3 года - пока все отлично. Даже не смотря на незначительные недостатки РЕКОМЕНДУЮ Розетке отдельное спасибо за сервис Переваги: Очень компактный не смотря на размер экрана. Карты работают хорошо. Есть возможность обновления и перепрошивки (если знаете как ))). Есть встроенный стилус. Экран резистивный, но реагрует четко. Зависаний пока не было. Есть возможность громкой связи через БлюТуз. Короче все что в характеристиках заявлено работает на 5. Недоліки: всетаки зимой экранчик замерзает. (резистивный) но это у всех тфт так. плохо ловит спутники в помещениях. Если хотите смотреть видео, то надо переконвертировать.
0,Навигатор отличный,работает чётко,подключил к нему камеру заднего вида,работает нормально,катался Донецк-Киев,Обнинск-Донецк,довольно сносно работает,только карты Россия Украина переключаешь вручную,доволен,оценка 5
0,Здравствуйте. Скажите, а карты других стран можно скачать сюда? Как это делается?
0,У кого работает интернет с симкартой МТС ? Помогите настроить, плз...
0,Кто-нибудь настроил интернет от МТС? У меня ничего не получилось :( Оператор: MTS Провайдер: MTS APN: inernet Логин: Пароль: Номер: *99# Не работает !!! Что не так ?
0,Это навигатор подойдет для таксиста, чтоб принимать заказы, считать суммы?
0,Хорошая цена как за прибор с sim картой
0,Подскажите пожалуйста, возможно ли на этом навигаторе прокладывать путь от А до Б с учетом того что точка А будет идти не от вашего место положения?
0,Отличный навигатор как по скорости работы, так и функционированию GSM и интернета
2,Разочарован. На вторые сутки езды в машине отклеилась стеклянная панель дисплея. Тормозил ужасно изначально. Потом совсем глюкнул. Невидит внутреннюю память. Пришлось скачать другую версию навитела и использовать с карты памяти. Интернет сервисы работают и звонить можно. Неплохое звучание. Почти не фонит. А в целом: Китай, еще раз Китай......
4,В принципе отличный навигатор, с флэшкой в комплекте и не тормозящщей ОС, гуд. Переваги: быстрый отклик спутника, хорошая навигация, мультимедиа и прочее... Недоліки: непонятные настройки сим карты
0,Непогана річ. Ненавязливий голос майже вчасно про все попереджає. Видимість добра навіть на сонці. Карти прописані доволі грамотно. Меню девайсу і ПЗ майже одразу зрозуміле і доступне для швидкого управління. Кріплення досить комфортне. Трохи короткий шнур живлення для машин з широкою передньою панеллю - від скла до прикурювача далекувато і натягується сильно, а це розбалансовує гніздо входу ЮСБ. Матеріали виконання якісні - скрипів нема.
0,Пробками никого уже не удивишь. А вот гугль уже запустил сервис ЯМЫ! Так что не за горами софт, что будет предупреждать о канаве на дороге. Актуально в нашей стране особенно в весеннее время. Поэтому присутствие GSM в навигаторе в дальнейшем будет набирать актуальность.
0,Проблемы с прошивкой. При отключении от сети или глушении двигателя выбивает таймер на 5 сек и два варианта на выбор: выключить или ожидание. нажимая ожидание - все равно выключается! В СЦ сказали если на гарантии еще можно перепрошить, но таймер будет не на 5,а на 10 сек, а вообще эта проблема не убирается. у кого не на гарантии нужно платить деньги...
0,Яка ціна, такий і навігатор, краще взяти планшет з автономною навігацією Переваги: Розмір екрану Недоліки: Час реакції
0,для чиво канали в gps???
4,Железо : материалы корпуса хорошие , родная защитная плёнка при попадании освещения не даёт увидеть что творится на экране , стилус достать трудно , тачскрин работает довольно неплохо. В работе девайс не тормозит , при навигации работает шустро (c IGO Primo -быстро, с Navitel- хуже), воспроизвод видео - тормоза при любом разрешении и любом поддерживаемом формате. FM-модулятор - передача сигнала в стерео , качество нормальное , но много шумов, дальности передачи для автомобиля хватит. Bluetooth коннектится с телефоном отлично , доступ к основным ф-циям телефона шустрый. Комплектация : неплохо , но нехватает зарядного от сети 220v AC. Документация и инструкции юзера: моя личная оценка- минус 5 , даже не ноль. С такими юзермануалами и описанием прибора трудно опредилиться с тем , стоит ли ЭТО покупать ? Производитель такими вещами очевидно вообще не парился. Переваги: По сути своего назначения прибор очень неплохой , шустро работает как навигатор. Для навигации по дорогам - рекомендую. Оценка в 4 из 5 - относится только к прибору. Недоліки: 1. Так как работает видеоплеер - лучше бы его небыло. 2. Техподдержка на сайте Palmann.UA - оценка - полный ноль. Google UA - помогает больше. 3. Документация - отдельный разговор. Простому человеку без посторонней помощи альтернативные программы навигации установить будет сложно. Информации о том как регить Navitel - отсутствует (Google вам в помощь называется). Установить более одной навигационной программы непереписывая каждый раз путь нави - неполучится. Вывод один : мануалом пользователя , описанием характеристик прибора , инструкциями по регистрации программы навигации, установленой по-умолчанию в прибор - производитель свою репку совсем не парил , а дальше - это проблемы пользователя.
0,Навигатор нормальный,единственное не пойму почему вставляю карту памяти с навмгатора формат микро сд и не воспроизводит видео в формате avi,музыку и фотки с этой же карты воспроизводит
0,Хороший недорогой нав. Качество в целом хорошее. Карты дольно хороши, даже по сравнению с Навителом. Мне понравился девайс.
0,Поставил на него iGO primo 8.5.11.155811.Все супер,просто летает
0,Очень хорошие карты. Приятное устройство. Все отлично функционирует. Отличная техническая потдержка, как в работе с девайсом, так же и с картами
0,Свои деньги чётко отрабатывает. Навигация пашет на ура. Управлять им не сложно. Компактный и хорошо собран. Мне он сразу понравился.
0,Понравилось всё - начиная от карт и заканчивая самим дизайном аппарата. Соотношение цены и качества, считаю, одно из лучших за эти деньги.
0,ожидала лучшего, лучше брать небольшой планшет Переваги: наличие виндовс, фильмы можно смотреть. игры..... но только полчаса ... пластик неплохой Недоліки: В дороге при скорости выше 60 км. тормозит "по черному", есть вероятность попасть в аварию. Аккумулятор работает в активном режиме 30 мин.
0,В принипе всё работает, но в режиме навигации смущает одна вещь. Иногда индикатор местоположения перепрыгивает на соседнюю дорогу и тогда навигатор начинает перестраивать автоматически маршрут. Это очень сбивает с толку, неудобно. Если бы исключить эту ошибку - было бы хорошо, а так это несколько раздражает.
0,Не понравилось неудобное управление. Резистивный экран это, конечно, не емкостной, как на смартфонах. Приходится иногда управлять стилусом, потому что пальцев слушается с трудом. Соответственно есть неудобства, связанные с этим.
0,Функциональные возможности обширные, но ничего толком не доведено до ума. Например, блютуз нормально работает только с моей старой нокией, а с новым смартфоном не работает. Видео проигрывается, но с притормаживаниями. Дорогу показывает правильно, но спутники иногда теряет. Вообщем не доработанная моделька, будем надеяться что выпустят новую прошивку, которая исправит глюки.
0,Хорошее разрешение экрана, но сам экран очень блеклый, пришлось докупать на рынке козырек на него. Дополнительный функционал есть, но работает либо с торможениями либо через раз. В принципе вещь полезная, но жутко неудобная.
0,Навигатор не самым лучшим образом показывает дорогу. Иногда мое местоположения "перепрыгивает" с одной дороги на другую (соседнюю). Из-за этого изменяется маршрут и не удобно пользоваться прибором. Это основная проблема аппарата, на мой взгляд.
0,Мне понравился,спутники ловит быстро,в принципе все что пишут в коментах правдиво.
0,на сильном солнце "слепнет". экран для своих денег не плохой, но вот чувствительность к нажатию - туго. стилус - не пришей кобыле хвост, куда его прятать? в корпусе нет штатного места, ну дырки короче :) Переваги: не дорогой Недоліки: очень тупой интерфейс, все должно быть простым и понятным. если без инструкции вы не можете выполнять простых действий - грош цена разработчикам. я так и не понял, почему мне не предлагается выбирать маршруты - один и ехай :(
0,Очень удачная модель. Прибор выглядит достойно и сделан качественно. Моментальный прием спутников, четкий на отклик экран. Хорошо отрабатывает блики в солнечную погоду. У меня лицензия содружество установлена
0,Покупался в подарок отцу. Отец доволен )) Переваги: Для своей ценовой категории достойный аппарат. Недоліки: Не замечено
3,Сам GPS хороший, работает нормально. Но, при использовании летом возникают проблемы, из за высокой температуры зависает. А само крепление уже давно поменял. Родное крепление не надежное.
5,Купил, потестил, катаюсь месяц. Пока ездил только по Украине - по картам вообще никаких претензий. Всё просто отлично работает, знает не то что кажду улицу, а каждый дом. Ну это в городах, в сёлах - просто улицы знает. Но это уже отличный результат. По сравнению с Навителом, что был у меня на прошлом навигаторе - это шикарные карты. Переваги: Встроенные карты, нормальный корпус Недоліки: от батареи работает около часа, но я вне машины почти не использую
0,Купил данный девайс из-за бесплатных карт мира. Но все бесплатное как всегда не блещет качеством. Карты некоторых стран - плохо прописаны - поиск по адресу практически не работает - приходится выбирать точку на карте или ближайшую улицу. Прокладка маршрута - это отдельный разговор - при наличии автомагистралей навигатор прокладывает пусть через такие дебри, что даже описать невозможно. При чем, это касается даже украинских карт. Изменение настроек для решения не помогает. Бывали случаи, когда навигатор попросту терял маршрут и показывал направление просто прямой линией до конечного пункта. Сделал вывод для себя - что навигатор в телефоне в разы лучше! Переваги: бесплатные карты всего мира Недоліки: качество карт
0,чет проблема со спутником у етого апрата. видит но не соединяет. написано + карти всего мира где ети карти? С оф сайта ничего скачать незя, наверно буду возвращать назад етот апарат!
0,Купила, потестила примерно 10 дней, делюсь впечатлениями: что понравилось - удобные и качественные карты. Действительно подробные, видны и банкоматы и торговые центры и гостиницы и многое другое, навигатор знает практически все адреса. Дисплей тоже ничего, достаточно большой, но и обзор не загораживает, не зря мне товарищ посоветовал покупать именно шестидюймовый аппарат. Корпус и крепление тоже прочные вопросов нет. В общем и целом всё просто отлично. Но есть и ложка дегтя: динамик не очень громкий, как на телефоне. Если в машине играет музыка, то голосовых подсказок может быть не слышно. Но это мелочи. Делаешь музыку потише и всё нормально :-)
0,Вполне нормальная навигация. По Украине - вообще отлично водит, не то что когда я с Навителом ездил. Мне дизайн не очень понравился, но это уже дело вкуса. Главное, что приборчик реально качественно делает свою работу.
0,Достойная моделька. Тут и карты отличные и работает аппарат достаточно быстро. Катаюсь с ним уже пару недель, пока ни разу не подводил, знает любую дорогу, так что теперь без него я никуда.
0,Не знаю как кому, а мне всё понравилось. В пору пришелся экран, да и карты подробные уже идут в комплекте. Знает и улицы и номера домов, так что у меня вопросов к нему нет, очень понравился.
0,В машине стоит 2 недели, пока всё устраивает. Продуманные карты, четкие маршруты, внятные голосовые подсказки. В принципе, всё достаточно неплохо. Можно музычку послушать, или видео какое-то посмотреть, если заранее скачать. Вообщем и не скучно в машине и дорогу показывает правильно. Своих денег стоит однозначно!
0,Не советую. Переваги: ПО неплохое Недоліки: Аккумулятор не держит совсем, прибор нагревается, зависает и приходится перегружать через сброс.
0,Прибор -бомба!! Лучший в своем классе! 64- отдыхает. Намного быстрее и удобнее. Экран работает в перчатках. Зимой. В яркую погоду экран видно отлично. Тут рефлективный экран. чем ярче свет, тем лучше видно картинку на экране. И подсветка не нужна. Берите Oregon вместо 64. Однозначно и удобней и надежней! Стоит Oregon сейчас чуть дороже 64, я думаю лучше брать именно Oregon. И еще, если в него ставите аккумуляторы, то их можно заряжать сразу в приборе, подключив его через USB шнур к прикуривателю или любой другой зарядке. Стекло вообще уникальное. Не царапается и не бьется. сами сотрите - https://youtu.be/C0Ab2lr4WVI Переваги: Быстрый, надежный. Недоліки: Цена. Но того стоит!
0,Карты гугл (спутниковые) можно закачать?
0,Карты: мир. Я так понимаю,что Европа там уж точно установлена?
0,Какие страны из центральной Европы есть?
0,Чем отличается данный дивайс от Garmin Nuvi 140T ?
0,Подскажите, как установить карту Польши?
3,Пользуюсь две недели. Пока не глючит. Все неплохо. Достоинства и недостатки описала. Разве что не пойму пока как разобраться с историей по прогнозам трафика - хочет подключения к инету, а слот только под microSD, симку некуда впихнуть. Но детально пока вопрос не изучала. Переваги: Быстро находит спутники, прокладывает вменяемые маршруты, достаточно высокая точность. Недоліки: Совершенно дурацкое и не корректное озвучивание улиц (произношение в разных вариантов языков), нет украинского ни в базовом функционале, ни в Garmin Express
0,Какой объем памяти, подскажите?
0,Можно ли определить из других устройств в каком месте в последний раз работал этот навигатор?
4,Для людей які займаються туризмом, походами, багато подорожують - річ дуже корисна. Можна записати трек, маршрут, відмітити точки на мапі і т.д. Я користуюсь десь пів року то в походах виручає добряче. Раз провалився з ним в болото в Чорному Лісі - протер і все ок. Хотілося б шустріший процесор щоб швидше мапи підвантажувались, але це так до слова - хто хоче той придбає 30-й там з цим порядок, але і ціна відповідна. Користуюсь акумуляторами Philips - на добу наче вистачає,спеціально не перевіряв. Переваги: Компактний, зручний корпус,відмінний прийом, простий в користуванні Недоліки: Відсутня українська мова, невеликий вибір мап(принаймні для України)
5,Брал для велопокатух и велопоходов, просто супер тема!!! Навигатор держит на одних батарейках 25 часов активной навигации! Для туризма супер вещь. Переваги: Их много Недоліки: Цена :-(
0,Будет ли здесь обновление автоматически?
5,Навик однозначно стоит своих денег. Сигнал ловит отлично и практически не теряет. Ехал из Киева в Винницу, маршрут проложил за 20 секунд через Житомир (объездная сейчас перекрыта из-за ремонта). Без проблем провел от дома к дому. Из минусов, слабоватое крепление, которое идет в комплекте. Но я проблемму решил при помощи плотного двустороннего строительного скотча. Проклеил по периметру, и все гуд! Однозначно советую, отличный навик. Переваги: За свои деньги - отличный навик Недоліки: слабоватое крепление
5,День пути с записью трека -очень хороший показатель. Смарт с включенным GPS сдохнет за 2 часа. Попробуйте литиевые батарейки, тип АА. Есть такие в продаже. Дорогие, но на неделю похода хватит. Прибор действительно классный. У него положительная плавучесть- не тонет. И как по мне 78s лучше чем 62s. Надежней лежит в руке, не катается по столу,так как плоский. В любое универсальное крепление в авто для телефона встанет. удобно лежит в подсумке и т. д. Переваги: Надежный. Ударопрочный. Плавающий. + Компас. + Альтиметр.+ можно подключить выносную антенну. (то есть использовать в бронеавтомобиле) Недоліки: больше 5 айфона ;)
5,Аппарат хороший. Рекомендую от души! Переваги: Главное достоинство Отсутствие сенсорного монитора!!! В походах когда у тебя мокрые, грязные руки или они же в перчатках либо просто холодно нет проблем как с сенсором. Водонепроницаемость тоже не мало важно. Ударостойкий, подвесил за ремешок на груди и не боишься, что где то стукнешь его! Недоліки: Пока особо не обнаружил. Хотя любит он выкачивать энергию с батареек, берите с собой запасные комплекты, на второй день пути он доест первый комплект при этом ночью отключаю.
0,Всё неплохо, но не продуманны аксессуары. Не очень понравилось крепление. Сложно поворачивается и держит не очень прочно, один раз на ухабистой дороге навик отпал. Ну и хочется побольше функционала, конечно же, больше мультизадачности чтоли.
4,Треба писати в описі товару, що з картами НавЛюкс, не можливо встановити інші карти, не можливо оновити ПЗ пристрою до останньої версії (яке вже включає два виправлення, яких ПЗ від НавЛюкс не містить). Повністю збиває те що все рідне компьютерне ПЗ показує що існують нові версії ПЗ та карт і при цьому неможна нічого поновити - качаєш переписуєш, перезавантажуєш. І все одно все старе. Думаю повернути пристрій назад.
0,Стандартними засобами не можливо оновити програмне забезпечення. Поточная версія 2.31, нова 2.50. Проблема не вирішена з 2015 року.
2,Постоянно подвисает навигатор,видео вроде пишет. Возможно попался брак,буду менять.Пока не рекомендую. Переваги: 2 в 1 Недоліки: Постоянно подвисает навигатор
5,Підкажіть який з навігаторів Garmin є з функцією розпізнавання голосу тільки без відеореєстратора??
0,На якій мові інтерфейс навігатора? Є українська мова? (російська не цікавить)
0,Подскажите, кто брал, можно использовать отдельно от автомобиля? В карман брать?
4,Честно говоря так и не понял на сколько стоящая это штука, сначала прикрепил, реально очень крепко держит планшет на приборной панели, но проблема в том что довольно быстро садится пыл и сразу хуже начинает держать. Пришлось убрать в бардачек что бы не пылилась. Пользуюсь только в дальней дороге..
5,Надо больше размеры. Переваги: все хорошо держиться .пользуюсь пол года доволен. Недоліки: маленькая площадь.
4,Отличная вещ, если поверхность на которую собираетесь клеить, гладкая, не матовая Переваги: Безлимитно липкий) Даже пассажиру на лоб клееться Недоліки: В БМВ на торпеду липнет, но плохо. Телефон держиться за него лучше, чем коврик за торпеду... снимаеться телефон вместе с ковриком. Скорее это не недостаток коврика, но....
4,Достаточно полезная вещица. Купил себе и на подарок. Не жалею. Переваги: Хорошо держит телефон во время езды Недоліки: - при минусовой температуре/непрогретом салоне держит на 3 с плюсом - после прогрева очень хорошо; - не ко всем поверхностям вообще крепится (только ровные, без рельефных текстур); - цена несколько великовата;
0,обычно крепится телефон таким образом что экран не видно да еще и слепит, вообщем безполезненькая штука
5,Гарно чіпляється та добре тримає Недоліки: Ціна
0,Какие размеры коврика?
5,Свои функции выполняет на 100%, качество со временем не падает Переваги: Если чистый, то к потолку можно приклеить телефон на всю дорогу) Недоліки: Покрывается пылью, надо промывать каждые недели две.
0,используется в авто Переваги: по липкости предметов к нему -очень хороший! Недоліки: не ко всем поверхностям автомобильных торпед хорошо крепиться
0,Прикольний коврик. Липкість відмінна. Якби ще розміри були б трохи більші то взагалі він був би ідеальним.
0,Скажите, пожалуйста, а как обстоят дела с картами Крыма? Они обновляются?
0,Купил сегодня, уже 11 часов вечера, а я так и не смог присоединиться к спутнику... Короче, не работает ничего. Переваги: нету Недоліки: Батарея вообще не держит, очень сильно глючит, так и не подключился к спутнику.
0,Подскажите до какова размера поддержка карт памяти
0,Навигатор просто бомбезный. У меня ревизия 1 уже почти три года - без единого сбоя.
0,Карты навител порадовали. Ранее столкнулся с версией 5.5 - был разочарован. А вот уже 7.5 - очень толково по киеву рулит. В другие областные центры ещё не выезжал.
0,Хорошая навигация, карты действительно подробные, видно каждый супермаркет и банкомат практически! Да и маршруты прокладывает нормальные. У меня претензий нет!
0,Удобный в использовании. Компактный и стильный. В пути не всегда получается на экран смотреть, зато голосовые подсказки тут четкие, и включаются вовремя, так что поворот не проедешь!))
0,Просто шикарен. Сперва смутила цена, думал мол всё отсталое. Собран на совесть. Корпус махоньктй, удобный, лёгкий. Не люфтит. Экран выдаёт отличного качества картинку. Богатая цветами матрица. Сенсорное управление упрощает управление. Множество функций поможет скрасить поездку. Держит дорогу не теряя, можно сохранять маршруты, загружать карты. В общем есть всё. И даже больше. Проверенно качественно собран. Может конкурировать без проблем с более дорогими моделями. Отличный вариант навигатора.
0,Подскажите,к ПО Навител с навигатором идёт лицензионный ключ.Можно ли в него устанавливать карты с официального сайта Навител?
0,Кто нибуть подскажите,что означает в описании пакет документов навител?
0,В общем нет слов Переваги: недорогой Недоліки: при извлечении стилуса оторвался его кончик так как он приклеился к липкой ленте внутри. Глючил дисплей,тоесть некоторое время не все кнопки срабатывали особенно самые маленькие и кнопки выхода из приложэния.Не интересное меню,и нет толковых настроек самого гаджэта.И наконец крта украины как всегда полный отстой,толком ничего не прорисовано.
0,Достойное предложение за достойные деньги. Я очень доволен и рекомендую остальным.
5,Все понравилось, работает быстро. Внушает надежнось. Карты достаточно детализированы. Красиво прорисованы.
0,Компактный, простой в пользовании. Приятный для рук материал. Работает быстро. Отличные карты.
0,Отличный вариант навигации. не дорого, просто и очень удобно, и практично
0,Доступный по деньгам и качественный девайс. Хорошая комплектация и сборка. Карты тоже оч понравились, даже луше чем всем остальные. Дизайн строгий, в тачке сморится хорошо. Берите и не пожалеете!
0,довольна. ве работает отлично. при покупке, думала, что долго буду разбераться-была притно удевлена. все просто элементарно :))
0,Хорошая игрушка для тех кто люби простоту и компактность. Работать с ним очень просто шустренький не обманывает. Мне нравиться
0,Четкий девайс:)) работает, как часы...все четко, быстро, без сбоев. В общем-то доволен=))
0,Не могу не согласиться, навигатор действительно надежный и за прекрасную цену. Хороший размер и дизайн отлично вписывается в салон автомобиля.
0,С учетом кризиса и курса он обычному водителю может и подойдет, но если нужен бюджетный навигатор-купите китайский планшет и поставьте карты. Данный навигатор яркая халтура украинского производства. Заявленные функции работают на 10% и своей главное цели он не служит. Карты с учетом самых последних обновлений приведут Вас в Бобруйск, а возможности мультимедия обрадуют только тех людей, у которых дома нет телевизора и ПК. Переваги: 1-Хорошая сборка, не трещит и не гнется 2-Нормальная комплектация 3-Поддержка flesh до 32 GB 4-Цена Недоліки: 1-Аккумулятора нет (2-5 минут заряда это не аккумулятор) 2-Плохой тач-скрин, плохо реагирует на пальцы! 3-Нет документации, кроме самого мануала на Навител 4-На оф. сайте навител нет данной модели. Т.е. после удачной регистрации, тебе предлагают выбрать модель навигатора и скачать обнову, но именно этой модели нет)) 5-Старая программа и карты. Пришлось потратить 2,5 часа, чтобы понять каким же образом его обновить. На сайте модели нет, сам навител (после подсоединения к ПК) говорит, что есть обновы, но не хочет его качать. При чем обновы на саму программу так и на карты. Без бубна не обошлось. Если кому-то пригодиться-качайте прогу navitel update, потом active syn. и только после этого ожидайте 2 часа, пока все это дело обновиться. Видно контроллер USB 1 стоит((( Геммор еще тот. 6-Стилус не на навигаторе,а на держателе! 7-Нет возможности устанавливать программы! Т.е. нужно качать отдельные сборки Windows CE, чтобы ПК при синхронизации находил софт и давал возможность устанавливать хоть что-то. Даже проводника нет! Разрабы халтурщики не могли изначально залить нормальную сборку! Ну а нормально видео-проигрывателе можете забыть или перепрошивайте и ставьте новый даш. 8-Камера имеет четкий вкус 0,3 пикселя, но не 2! 9-Часто отваливается флеш-карта 10-Очень слабый звук! 10-FM модулятор выдает какие-то помехи. 11-Функция переключения USB корректно работает в отключенном состоянии. 12-Карты..это отдельный разговор. Очень огорчен, показывает бред. Вроде Днепропетровск,а половину домов и улиц, при самой последней версии-нет!! Ужас!!
0,Лучше добавит и купить Асистант (и планшет и навигатор и телефон все в одном ) Переваги: нет Недоліки: плохо ловит супутники, плохая пиксельность екрана, камера регистратора в ночь ничево не видит
0,Отвратительное устройство. Причем это касается самого навигатора а не навигации. Приобретал в розетке осенью по промо коду, была хорошая скидка. По началу работал нормально, спутники ловил быстро. Однако минусы заметил с первых дней: 1) Крепление навигатора всегда закрывает часть картинки регистратора. 2) Радио трансмитер передает сигнал с большими потерями, звук отвратительный. 3) Сенсорный экран медленно отрабатывает на прикосновения. А Неделю назад навигатор стал плохо ловить спутники и терять их периодически. Причем я его не ранял и не перенастраивал, не обновлял и т.д. А сегодня он просто потух и больше не включился. Когда я его легонько, совсем легонько постукал об ладонь - в углу экрана потекли кристаллы. Переваги: 2 в одном Недоліки: все остальное
0,два дня в эксплуатации... пока никакой радости, одни проблемы Переваги: - пока не нашел... Недоліки: - очень слабая батарея - неудачный держатель, как бы не ставил - вылазит на экран - невозможно на нем посмотреть запись, только через кардридер, сам же пишет "дифицит ресурсов закройте некоторые приложения" хотя ни одного приложения вообще не открыто - родная карта не активируется, пришлось перезакачивать с оф. сайта, тогда только заработала - все проблемы вылезли в первый день, пытался дозвонится в службу поддержки - никто не взял трубку, пришлось самому по форумам искать, т.к. инструкция вообще никакой информации не содержит, только типа " это кнопка "стоп" она останавливает запись видео"...
4,В цілому задоволений Переваги: Хороший товар. По карті веде добра. Недоліки: Вже завів в вулицю де весить кірпіч.
0,Не самое удачное решение. Было бы нормально если бы камера была бы поворотная, а так то в навигатор смотреть не удобно, то видеорегистратор снимает не то что нужно (смотрит в сторону).
0,Покатался с ним и понял, что камера в навигаторе не лучшая идея. Дело в том, что иногда регистратор нужно пвернуть так, чтобы он был направлен в сторону движения, но тогда экран навигатора расположен под неудобным углом к водителю. Вообщем лучше покупать отдельно навигатор и отдельно видеорегистратор. Это проверено на практике.
0,оптимальная цена Переваги: Цена, удобство в эксплуатации Недоліки: Батарея (15 минут), держатель не рассчитан под регистратор
0,Батарея реально держит заряд 15 минут. Крепление не рассчитано на регистратор (в картинке крепление) В остальном все работает хорошо
0,подскажите как на счот просмотра фильмов!!!не тормозит
5,Самое главное то что управлене простое, да и выглядит прибор нормально, не стыдно поставить в салон машины и показать. По картам проблем никаких, адресса все на месте.
5,Компактный, прочно собран, без скрипов и щелей. В работе у меня чуть меньше месяца, пока всё нормально, отдельный респект за встроенные карты, катаюсь по ним и горя не знаю, все адреса есть.
0,Купил около 1 года назад. Навигатор работает номально,но стандартное ПО очень плохое. Поставил сити гид, вообще проблем нет. Недоліки: Люфтит держатель,что создаёт дискомфорт при езде( сильный скрип)
0,Небольшой по размеру, точный по картам и навигации. Карты Украины просто суперские можно найти практически каждый дом в любом городке. Меня устраивает на 100%, потому что плюс ко всему им не сложно управлять.
0,брав на подарунок...вроді задоволений Переваги: симпатичний Недоліки: тупить
5,Навигатор класный, а от карт навител ожидал лутшего...((((((((((((
0,Сегодня поолучили и попробывали...Скажите а голосовые подсказки очень громко или нет?у меня еле слышно...надо чуть -ли не к уху прикладывать чтоб услышеть.Ответьте пожалуйста..
0,Очень удобный девайс. Чудесные карты с подробной детализацией+возможность загрузки необходимых карт мира с сайта. КлЁвА :))
0,Крутой девайсик! Купил с месяц назад. Карты хорошие, всё вижу и понимаю. Крепится в машине удобно и надёжно. Разобрался быстро;)
0,Привлекли карты мира в комплекте. Да и Украинские карты хороши. За свои деньги более чем. Сам купил и Вам советую.
0,Вопрос к представителю: Мне нужно купить и укомплектовать картами такой девайс для военных. Какие карты посоветуете растровые для востока Украины? Можно ли комбинировать векторные и растровые? Скушает ли девайс карточку памяти в 64 ГБ?
0,Здраствуйте! Сравниваю 2 навигатора: - Garmin GPSMAP 64s НавЛюкс (010-01199-10 N) - Garmin GPSMAP 64s (010-01199-10) Разница лишь в том, что в 1м есть карта дорог НавЛюкс, от этого и разница в цене 1) На что влияет эта "карта дорог"? 2) Могу ли я без нее спокойно работать на местности? 3) Как обстоят дела с ориентированием в городе (по названию улиц и номеру домов, например) в обоих вариантах вариантах?
0,А этот навигатор позволяет ориентироваться в городе или только на пересеченной местности за городом? Если я повешу его на руль велосипеда для езды по городу, он мне поможет или нет? Силуэты домов городов обозначены на карте?
0,Ехал из Харькова в Никополь, повела меня через Запорожье, Марганец, вначале думал, что дорога лучше, куда там... на одном участке уже и асфальта нет давно, все объезжают. Мужик какой то встретился на старом пирожке ( как из фильма ужасов на пикапе) Говорит вы че? куда вы? Переваги: Более менее нормальный сигнал Недоліки: Нет кабеля к компу, старая установленная карта , неудобный итерфейс для изменения вариантов пути
5,быстрый не виснет... Переваги: цена качество Недоліки: нет
0,А можна додати якось українську мову в озвучення? Недоліки: Немає української озвучки
0,На каком языке озвучка Украины?
4,В цілому навігатор гарний, швидкий, інформаційний дисплей. Жаль що немає голосових команд українською мовою((( Переваги: Класний дисплей, хороше меню, налаштування. Недоліки: Найновіша карта від НавЛюкс не показує всіх вулиць в деяких населених пунктах. Такого населеного пункту як _смт. Івано-Франкове (Львівської обл.) нема на карті, замість нього на тому самому місці пише _смт. Нагуєвичі_ реально є помилки на карті.
0,вопрос к менеджеру Garmin, на этой модели можно поставить грузовой транспорт, или карты закачать грузового транспорта ? Переваги: хороший сенсор, доступное меню, яркий экран, хорошая сборка Недоліки: будет огромным и неприятным недостатком если на этой модели нельзя будет поставить грузовой транспорт
0,По инструкции нужно подсоединить навигатор к компьютеру с помощью кабеля miniUSB , который нужно докупить ! В инструкции нету украинского и русского языков ! Навигатор поддерживает microSD накопитель объемом 32 GB ? Переваги: Все дошло быстро ! Недоліки: Слабая комплектация ( нету кабеля miniUSB )
0,Підскажіть, будь ласка, чи є українська мова інтерфейсу? Переваги: Підскажіть, будь ласка, чи є українська мова інтерфейсу?
0,установка карт для грузовиков возможна на эту модель. dezl дороговатые просто .Спасибо
0,Каждый раз при выключении сбиваются все настройки, которые я делал, каждый раз при включении надо заново выбирать страну и принимать соглашения. Обновления якобы устанавливаются, но по факту весия ПО остается та же самая. Какой-то день сурка! Это что, так и должно быть???
0,Подскажите пожалуйста, как установить карты Европы?
0,В чем основное отличие этой модели от Garmin Zumo 390LM Plus Bundle? Если только в отсутствии карт для Европы, то можно ли будет их дополнительно приобрести уже в процессе эксплуатации?
0,Скажите пожалуйста, а какие именно станы Европы в комплекте?
0,Добрый вечер,подскажите пожалуйста,а есть ли в нем карты Европы? карты бессорчные к обновлениям?
0,Подскажите, сноска "* Функция доступна только в Европе" подразумевает географическую Европу или Евросоюз? На территории Украины опции с этой пометкой работают?
3,Дуже сильно висить без карти пам'яті. Доставили - значно менше. Карти для європи лише на англійській розкладці. На кирилиці можна лише вибрати центр столиць і все (навіть вулиць в столиці немає) Як це можливо виправити?
5,Нравится все.
0,Варта придбати. Переваги: В європейських країнах веде себе чудово. Карти досить часто обновляются. Недоліки: За 5 місяців чогось суттєвого не бачу.
5,Garmin -цим все сказано
0,Скажите пожалуйста, FM Traffic в городе Черновцы будет видеть пробки?
0,В полном объеме ли обновляются карты Европы бесплатно?
0,Вопрос к владельцам: карты такие, как на картинке? Так же будет указана дорога и тип?
0,Чи можна закріпити навігатор за допомогою магнітного тримача?
0,Чіїи підійде до Вантажівки!?
0,Карти яких країн Європи встановлені на даний реєстратор?
0,Здравствуйте, я бы хотел уточнить, есть ли в данном навигаторе карты Белоруссии и европейской части России и какие конкретно страны Европы входят в комплект? Можно ли докупать на него еще какие то карты и где это можно сделать?
0,Скажите пожалуйста, что в данной маркировке обозначает буква N "(010-01188-21 N)"
0,Який термін дії ліцензії на користування даним навігатором?
0,На каком языке возможно голосовое управление навигатором?
0,Здравствуйте! Подскажите, пожалуйста, есть ли бесплатные карты для такого навигатора?
0,Подскажите, есть ли русский язык в навигаторе-(картинки все с английским)
0,Скажите пожалуйста можно ли его использовать 90% времени как регистратор - что-бы при запуске авто он сам включался в режим регистратора и не нужно было каждый раз нажимать кнопку. Это для меня критически важно Переваги: вопрос
0,Подскажите, какая операционная система и версия системы? Какая частота процессора?
0,Пожизненное обновление карт Украины входит в цену?
0,Подскажите, в описании написано, что карты Европы можно обновлять пожизненно, бесплатно до 4-х раз в год. И в тоже время указано, что на карты Украины это не распространяется. Не распространяется ограничение на обновление в 4-ре раза, или карты Украины вообще обновить нельзя? Пожизненное обновление карт Украины входит в цену?
0,Какое разрешение встроенного видеорегистратора? FullHD надеюсь есть за эту цену?
5,Очень хороший навигатор своих денег стоит. Переваги: удобство качественно сделан Недоліки: цена
0,Подскажите, вверх ногами можно установить навигатор? Будут ли перевернуты меню и видеосъемка? Есть ли вариант такого навигатора с картой от Аэроскан?
0,Доброго времени суток.приобрел dezl 770 lmt не могу понять как добавить профиль водителя.может кто подскажет?в меню приложения его нет.
0,Возможно ли в этом навигаторе выставить длинну , ширину и высоту транспортного средства , учитывает ли этот навигатор габариты автомобиля и тип автомобиля при прикладывании маршрута ???
5,Пользуюсь данным навигатором .....год. Работаю по Европе...Польша...Германия..Австрия...Чехия...Словакия..Швейцария. Ведет отлично. Но перед рейсом с картой бумажной все равно встречаюсь.:-)) Перестраховываюсь..... Есть вопросик....в данном навигаторе есть разъем под микро сд карту......но какие карты не влаживал в разьем....мой гармин их не видит....может подскажите в чем проблемка. Переваги: Для грузовиков то.....что надо Недоліки: нет
0,Коли буде в наявності?
0,карты только Европы и Украины? возможно установка других стран(например Америка)?
0,Добрый день! Пользовался Вашими услугами ранее при проживании в Украине. Хочу узнать, есть ли возможность доставки продукции в ЕС, тарифы и т.д. Оплату могу произвести сразу по мастер карте. Заранее благодарен!
0,На якій мові інтерфейс навігатора?
5,Нужно привыкнуть к нему после Primo.Нет возможности настройки видеть на карте того,что нужно.Просто смотря на карту не увидеть паркингов и заправок.Чтобы увидеть нужно только задавать поиск.Во Франции практически не показывает места фоторадаров.В Голландии тоже много радаров "бьющих сзади" нет в базе навигатора.Добавляю сам.Можно добавить свои POI.Пожизненный трафик и обновление карт в версии LMT-D. Переваги: Надежный по прокладке маршрута для грузовиков,качественное "железо",громкий звук. Недоліки: Не доработан "голосовой пакет",нет функции быстрого ручного добавления speedcam.
0,Вопрос к КОМПЕТЕНТНОМУ представителю Розетки!!! : Прошу напишите ВЕСЬ перечень стран - подробные карты которых ПРЕДУСТАНОВЛЕНЫ!!! И если я не найду в этом перечне хотябы одну необходимую мне страну (для работы) - возможно ли заказать "докачку" той/тех стран (речь о картах естественно) ЗАРАНЕЕ СЕРДЕЧНО БЛАГОДАРЕН ЗА КОМПЕТЕНТНЫЙ И ТОЧНЫЙ ОТВЕТ!!!
5,отличный навигатор, много занимаюсь туризмом и на велосипедах в горные местности выезжаю не только по Украине, мой старенький улетел со скалы этот мне кажется будет удачной заменой, очень наслшен хорошего и один раз уже даже испытал, замечательно ловит сигнал, быстро и просто и сенсор отзывчивый
0,Какой максимальной величины sd карту памяти поддерживает данное устройство
0,А навигатор к велосипеду прицепить можно?
0,Мені потрібні карти Чехії, Словаччини, Угорщини, Польщі. В цьому навігаторі вони є? Якщо ні то підскажіть в якій недорогій моделі вони є. Дякую.
5,Точки можно сохранять везде. Точность 30 метров.
0,Здравствуйте, есть такой вопрос! Смогу ли я сохранять точки на водоемах и какая точность моего местоположения?
0,Подскажите пожалуйста если в этом навигаторе голосовое озвучивание улиц?
0,Спутники находит (до 2 штук), но индикатор ЖПС горит красным. Что делать? Переваги: пока не вижу Недоліки: плохо ищет спутники
0,Здравствуйте, есть такой вопрос! Смогу ли я сохранять точки на водоемах и какая точность моего местоположения?
0,ПІКАЖІТЬ Є У ДАНОІ МОДЕЛІ КАРТА СЛОВАКІВ ПОЛЬШІ ТА УГОРЩИНИ
4,Рекомендую. Переваги: Удобный, легкий в использовании. Новые карты, При вводе старого названия улицы, автоматически переводит на новое название. Цена соответствует качеству. Недоліки: Не очень хороший прием спутников.
0,Подскажите, есть ли у данной модели функция "управление голосом"?
0,Хороший навигатор, в выборе сыграло роль что тут навител, я привык к нему и на телефоне, и тут. И магнитола тоже пролоджи - не подводит как и сам навигатор. Всем доволен.
5,Карты можно докупить.
0,Вопрос с экспертам - а кроме этих 11 стран можно разширить карты? Нет проблем со скачиванием в интернете?
